INSERT  INTO consumer_attributes VALUES ('132131', NULL, NULL, NULL, NULL, NULL);

INSERT INTO face_encodings VALUES ('132131', ARRAY[1, 2, 3, 4, 5, 6, 7, 8, 9, 10, 11, 12, 13, 14, 15, 16, 17, 18, 19, 20, 21, 22, 23, 24, 25, 26, 27, 28, 29, 30, 31, 32, 33, 34, 35, 36, 37, 38, 39, 40, 41, 42, 43, 44, 45, 46, 47, 48, 49, 50, 51, 52, 53, 54, 55, 56, 57, 58, 59, 60, 61, 62, 63, 64, 65, 66, 67, 68, 69, 70, 71, 72, 73, 74, 75, 76, 77, 78, 79, 80, 81, 82, 83, 84, 85, 86, 87, 88, 89, 90, 91, 92, 93, 94, 95, 96, 97, 98, 99, 100, 101, 102, 103, 104, 105, 106, 107, 108, 109, 110, 111, 112, 113, 114, 115, 116, 117, 118, 119, 120, 121, 122, 123, 124, 125, 126, 127, 128])

INSERT INTO dish_attributes VALUES ('dish1');
INSERT INTO dish_attributes VALUES ('dish2');
INSERT INTO store_attributes VALUES ('store1', 10, 'Bangalore');
INSERT INTO store_menu VALUES ('store1', 'dish1', 20, 1);
INSERT INTO store_menu VALUES ('store1', 'dish2', 10, 2);


INSERT INTO dish_attributes VALUES ('dish3');
INSERT INTO dish_attributes VALUES ('dish4');
INSERT INTO store_menu VALUES ('store1', 'dish1', 'coffee', 'worlds best coffee', 'https://storage.googleapis.com/digital_menu/testing/store1/dish1.jpg', 'Beverage', 50.0, NULL, 4.6, 0);
INSERT INTO store_menu VALUES ('store1', 'dish2', 'coffee', 'worlds best coffee', 'https://storage.googleapis.com/digital_menu/testing/store1/dish1.jpg', 'Beverage', 50.0, NULL, 4.6, 1);
INSERT INTO store_menu VALUES ('store1', 'dish3', 'coffee', 'worlds best coffee', 'https://storage.googleapis.com/digital_menu/testing/store1/dish1.jpg', 'Beverage', 50.0, NULL, 4.6, 2);
INSERT INTO store_menu VALUES ('store1', 'dish4', 'coffee', 'worlds best coffee', 'https://storage.googleapis.com/digital_menu/testing/store1/dish1.jpg', 'Beverage', 50.0, NULL, 4.6, 3);
INSERT INTO dish_attributes VALUES ('dish5');
INSERT INTO dish_attributes VALUES ('dish6');
INSERT INTO dish_attributes VALUES ('dish7');
INSERT INTO dish_attributes VALUES ('dish8');
INSERT INTO dish_attributes VALUES ('dish9');
INSERT INTO dish_attributes VALUES ('dish10');
INSERT INTO dish_attributes VALUES ('dish11');
INSERT INTO dish_attributes VALUES ('dish12');
INSERT INTO dish_attributes VALUES ('dish13');
INSERT INTO dish_attributes VALUES ('dish14');
INSERT INTO dish_attributes VALUES ('dish15');
INSERT INTO dish_attributes VALUES ('dish16');
INSERT INTO store_menu VALUES ('store1', 'dish9', 20, 8);
INSERT INTO store_menu VALUES ('store1', 'dish10', 10, 9);
INSERT INTO store_menu VALUES ('store1', 'dish11', 20, 10);
INSERT INTO store_menu VALUES ('store1', 'dish12', 10, 11);
INSERT INTO store_menu VALUES ('store1', 'dish13', 20, 12);
INSERT INTO store_menu VALUES ('store1', 'dish14', 10, 13);
INSERT INTO store_menu VALUES ('store1', 'dish15', 20, 14);
INSERT INTO store_menu VALUES ('store1', 'dish16', 10, 15);

INSERT INTO store_menu VALUES ('store1', 'dish9', 'coffee', 'worlds best coffee', 'https://storage.googleapis.com/digital_menu/testing/store1/dish1.jpg', 'Beverage', 50.0, 'Must Try', 4.6, 8);
INSERT INTO store_menu VALUES ('store1', 'dish10', 'coffee', 'worlds best coffee', 'https://storage.googleapis.com/digital_menu/testing/store1/dish1.jpg', 'Beverage', 50.0, NULL, 4.6, 9);
INSERT INTO store_menu VALUES ('store1', 'dish11', 'coffee', 'worlds best coffee', 'https://storage.googleapis.com/digital_menu/testing/store1/dish1.jpg', 'Beverage', 50.0, NULL, 4.6, 10);
INSERT INTO store_menu VALUES ('store1', 'dish12', 'coffee', 'worlds best coffee', 'https://storage.googleapis.com/digital_menu/testing/store1/dish1.jpg', 'Beverage', 50.0, NULL, 4.6, 11);
IINSERT INTO store_menu VALUES ('store1', 'dish13', 'coffee', 'worlds best coffee', 'https://storage.googleapis.com/digital_menu/testing/store1/dish1.jpg', 'Beverage', 50.0, NULL, 4.6, 12);
INSERT INTO store_menu VALUES ('store1', 'dish14', 'coffee', 'worlds best coffee', 'https://storage.googleapis.com/digital_menu/testing/store1/dish1.jpg', 'Beverage', 50.0, 'BestSeller', 4.6, 13);
INSERT INTO store_menu VALUES ('store1', 'dish15', 'coffee', 'worlds best coffee', 'https://storage.googleapis.com/digital_menu/testing/store1/dish1.jpg', 'Beverage', 50.0, NULL, 4.6, 14);
INSERT INTO store_menu VALUES ('store1', 'dish16', 'coffee', 'worlds best coffee', 'https://storage.googleapis.com/digital_menu/testing/store1/dish1.jpg', 'Beverage', 50.0, NULL, 4.6, 15);
I





INSERT INTO store_menu VALUES ('store1', 'dish5', 'pancake', 'worlds best pancake', 'https://storage.googleapis.com/digital_menu/testing/store1/dish5.jpg', 'Snacks', 50.0, NULL, 4.6, 5);
INSERT INTO store_menu VALUES ('store1', 'dish6', 'pizza', 'worlds best pizza', 'https://storage.googleapis.com/digital_menu/testing/store1/dish6.jpg', 'Snacks', 50.0, NULL, 4.6, 6);
INSERT INTO store_menu VALUES ('store1', 'dish7', 'samosa', 'worlds best samosa', 'https://storage.googleapis.com/digital_menu/testing/store1/dish7.jpg', 'Snacks', 50.0, NULL, 4.6, 7);
INSERT INTO store_menu VALUES ('store1', 'dish8', 'burger', 'worlds best burger', 'https://storage.googleapis.com/digital_menu/testing/store1/dish8.jpg', 'Snacks', 50.0, NULL, 4.6, 8);



INSERT INTO employee_attributes VALUES ('1234', 'Royal', 'Royal', 'store1', '09:00', '17:00', 10, 8.5);
INSERT INTO employee_attributes VALUES ('1235', 'Royal', 'Royal', 'store1', '09:00', '17:00', 10, 8.5);
INSERT INTO employee_attributes VALUES ('1236', 'Royal', 'Royal', 'store1', '09:00', '17:00', 10, 8.5);

INSERT INTO employee_register VALUES ('1234', '02-04-2019', '10:00', '19:00', 1, 1, '09:00:00');
INSERT INTO employee_register VALUES ('1236', '02-04-2019', '10:00', '19:00', 1, 1, '09:00:00');
INSERT INTO employee_register VALUES ('1235', '02-04-2019', '10:00', '19:00', 1, 1, '09:00:00');

INSERT INTO employee_register VALUES ('1234', '02-05-2019', '09:00', '17:00', 0, 0, '08:00:00');
INSERT INTO employee_register VALUES ('1236', '02-05-2019', '09:00', '17:00', 0, 0, '08:00:00');
INSERT INTO employee_register VALUES ('1235', '02-05-2019', '09:00', '17:00', 0, 0, '08:00:00');






SELECT ConsumerId, distance(encodings, ARRAY[1, 2, 3, 4, 5, 6, 7, 8, 9, 10, 11, 12, 13, 14, 15, 16, 17, 18, 19, 20, 21, 22, 23, 24, 25, 26, 27, 28, 29, 30, 31, 32, 33, 34, 35, 36, 37, 38, 39, 40, 41, 42, 43, 44, 45, 46, 47, 48, 49, 50, 51, 52, 53, 54, 55, 56, 57, 58, 59, 60, 61, 62, 63, 64, 65, 66, 67, 68, 69, 70, 71, 72, 73, 74, 75, 76, 77, 78, 79, 80, 81, 82, 83, 84, 85, 86, 87, 88, 89, 90, 91, 92, 93, 94, 95, 96, 97, 98, 99, 100, 101, 102, 103, 104, 105, 106, 107, 108, 109, 110, 111, 112, 113, 114, 115, 116, 117, 118, 119, 120, 121, 122, 123, 124, 125, 126, 127, 128]) FROM consumer_faces ORDER BY distance(consumer_faces.encodings, ARRAY[1, 2, 3, 4, 5, 6, 7, 8, 9, 10, 11, 12, 13, 14, 15, 16, 17, 18, 19, 20, 21, 22, 23, 24, 25, 26, 27, 28, 29, 30, 31, 32, 33, 34, 35, 36, 37, 38, 39, 40, 41, 42, 43, 44, 45, 46, 47, 48, 49, 50, 51, 52, 53, 54, 55, 56, 57, 58, 59, 60, 61, 62, 63, 64, 65, 66, 67, 68, 69, 70, 71, 72, 73, 74, 75, 76, 77, 78, 79, 80, 81, 82, 83, 84, 85, 86, 87, 88, 89, 90, 91, 92, 93, 94, 95, 96, 97, 98, 99, 100, 101, 102, 103, 104, 105, 106, 107, 108, 109, 110, 111, 112, 113, 114, 115, 116, 117, 118, 119, 120, 121, 122, 123, 124, 125, 126, 127, 128]) DESC LIMIT 1
